<?xml version="1.0" encoding="UTF-8"?>
<project-private xmlns="http://www.netbeans.org/ns/project-private/1">
    <editor-bookmarks xmlns="http://www.netbeans.org/ns/editor-bookmarks/2" lastBookmarkId="0"/>
    <open-files xmlns="http://www.netbeans.org/ns/projectui-open-files/2">
        <group>
            <file>file:/C:/Users/Master/Downloads/Monopoly/build.xml</file>
            <file>file:/C:/Users/Master/Downloads/Monopoly/manifest.mf</file>
            <file>file:/C:/Users/Master/Downloads/Monopoly/ganadoresdelmonopoly.txt</file>
            <file>file:/C:/Users/Master/Downloads/Monopoly/src/monopoly/Nodo.java</file>
            <file>file:/C:/Users/Master/Downloads/Monopoly/src/monopoly/Monopoly.java</file>
        </group>
    </open-files>
</project-private>
